img1,img2,similarity
3027_0.jpg,3116_1.jpg,1.000000
3063_1.jpg,3119_1.jpg,1.000000
3219_1.jpg,3419_0.jpg,1.000000
3220_0.jpg,3506_1.jpg,1.000000
3234_1.jpg,3434_0.jpg,1.000000
3317_0.jpg,3436_1.jpg,1.000000
3320_1.jpg,3421_1.jpg,1.000000
3330_1.jpg,3530_0.jpg,1.000000
3370_1.jpg,3570_0.jpg,1.000000
3517_0.jpg,3562_1.jpg,1.000000
3658_0.jpg,3853_1.jpg,1.000000
3665_0.jpg,3806_1.jpg,1.000000
3670_1.jpg,3870_0.jpg,1.000000
3693_0.jpg,3846_1.jpg,1.000000
3726_0.jpg,3926_0.jpg,1.000000
3782_0.jpg,3956_1.jpg,1.000000
3010_0.jpg,3198_1.jpg,1.000000
3015_0.jpg,3020_1.jpg,1.000000
3032_0.jpg,3138_1.jpg,1.000000
3046_1.jpg,3103_0.jpg,1.000000
3054_0.jpg,3078_1.jpg,1.000000
3073_1.jpg,3137_1.jpg,1.000000
3088_1.jpg,3128_0.jpg,1.000000
3089_1.jpg,3124_0.jpg,1.000000
3097_1.jpg,3198_0.jpg,1.000000
3107_1.jpg,3158_0.jpg,1.000000
3112_1.jpg,3123_1.jpg,1.000000
3164_0.jpg,3197_1.jpg,1.000000
3200_0.jpg,3400_0.jpg,1.000000
3201_1.jpg,3401_0.jpg,1.000000
3202_0.jpg,3402_0.jpg,1.000000
3208_1.jpg,3530_1.jpg,1.000000
3221_1.jpg,3421_0.jpg,1.000000
3231_0.jpg,3431_0.jpg,1.000000
3236_1.jpg,3436_0.jpg,1.000000
3243_0.jpg,3443_0.jpg,1.000000
3243_1.jpg,3596_1.jpg,1.000000
3246_1.jpg,3446_0.jpg,1.000000
3247_0.jpg,3447_0.jpg,1.000000
3249_0.jpg,3510_1.jpg,1.000000
3250_1.jpg,3450_0.jpg,1.000000
3254_0.jpg,3454_0.jpg,1.000000
3262_0.jpg,3462_0.jpg,1.000000
3268_1.jpg,3468_0.jpg,1.000000
3275_1.jpg,3475_0.jpg,1.000000
3279_1.jpg,3479_0.jpg,1.000000
3285_0.jpg,3410_1.jpg,1.000000
3294_0.jpg,3511_1.jpg,1.000000
3294_1.jpg,3494_0.jpg,1.000000
3298_0.jpg,3441_1.jpg,1.000000
3315_0.jpg,3515_0.jpg,1.000000
3318_0.jpg,3435_1.jpg,1.000000
3321_1.jpg,3521_0.jpg,1.000000
3327_1.jpg,3513_1.jpg,1.000000
3332_0.jpg,3532_0.jpg,1.000000
3350_0.jpg,3455_1.jpg,1.000000
3360_0.jpg,3422_1.jpg,1.000000
3391_0.jpg,3430_1.jpg,1.000000
3399_0.jpg,3425_1.jpg,1.000000
3485_0.jpg,3518_1.jpg,1.000000
3610_1.jpg,3810_0.jpg,1.000000
3622_0.jpg,3822_0.jpg,1.000000
3624_1.jpg,3973_1.jpg,1.000000
3635_1.jpg,3842_1.jpg,1.000000
3636_1.jpg,3836_0.jpg,1.000000
3639_0.jpg,3832_1.jpg,1.000000
3647_0.jpg,3840_1.jpg,1.000000
3648_0.jpg,3848_0.jpg,1.000000
3649_1.jpg,3849_0.jpg,1.000000
3651_0.jpg,3851_0.jpg,1.000000
3654_0.jpg,3854_0.jpg,1.000000
3655_1.jpg,3855_0.jpg,1.000000
3656_1.jpg,3856_0.jpg,1.000000
3658_1.jpg,3858_0.jpg,1.000000
3661_0.jpg,3861_0.jpg,1.000000
3661_1.jpg,3843_1.jpg,1.000000
3665_1.jpg,3820_1.jpg,1.000000
3666_0.jpg,3866_0.jpg,1.000000
3672_1.jpg,3872_0.jpg,1.000000
3682_0.jpg,3882_0.jpg,1.000000
3698_1.jpg,3886_1.jpg,1.000000
3701_1.jpg,3901_0.jpg,1.000000
3707_0.jpg,3907_0.jpg,1.000000
3710_1.jpg,3844_1.jpg,1.000000
3725_1.jpg,3925_0.jpg,1.000000
3747_0.jpg,3947_0.jpg,1.000000
3753_0.jpg,3813_1.jpg,1.000000
3765_1.jpg,3875_1.jpg,1.000000
3778_0.jpg,3932_1.jpg,1.000000
3779_0.jpg,3939_1.jpg,1.000000
3780_0.jpg,3849_1.jpg,1.000000
3785_1.jpg,3918_1.jpg,1.000000
3795_0.jpg,3800_1.jpg,1.000000
3796_0.jpg,3996_0.jpg,1.000000
3797_0.jpg,3979_1.jpg,1.000000
3931_1.jpg,3952_1.jpg,1.000000
3007_0.jpg,3066_1.jpg,1.000000
3021_0.jpg,3070_1.jpg,1.000000
3026_1.jpg,3035_0.jpg,1.000000
3051_1.jpg,3057_1.jpg,1.000000
3053_0.jpg,3081_1.jpg,1.000000
3055_0.jpg,3196_1.jpg,1.000000
3069_0.jpg,3125_1.jpg,1.000000
3079_1.jpg,3108_0.jpg,1.000000
3087_0.jpg,3120_1.jpg,1.000000
3094_1.jpg,3130_0.jpg,1.000000
3095_1.jpg,3110_0.jpg,1.000000
3114_0.jpg,3178_1.jpg,1.000000
3117_1.jpg,3188_1.jpg,1.000000
3131_1.jpg,3145_1.jpg,1.000000
3140_1.jpg,3192_0.jpg,1.000000
3206_1.jpg,3438_1.jpg,1.000000
3207_1.jpg,3407_0.jpg,1.000000
3209_0.jpg,3417_1.jpg,1.000000
3210_0.jpg,3410_0.jpg,1.000000
3214_0.jpg,3414_0.jpg,1.000000
3215_1.jpg,3415_0.jpg,1.000000
3216_0.jpg,3416_0.jpg,1.000000
3217_1.jpg,3479_1.jpg,1.000000
3220_1.jpg,3420_0.jpg,1.000000
3222_1.jpg,3422_0.jpg,1.000000
3227_1.jpg,3427_0.jpg,1.000000
3229_0.jpg,3576_1.jpg,1.000000
3232_1.jpg,3443_1.jpg,1.000000
3234_0.jpg,3531_1.jpg,1.000000
3236_0.jpg,3574_1.jpg,1.000000
3237_1.jpg,3437_0.jpg,1.000000
3239_0.jpg,3465_1.jpg,1.000000
3239_1.jpg,3439_0.jpg,1.000000
3240_1.jpg,3440_0.jpg,1.000000
3252_0.jpg,3452_0.jpg,1.000000
3255_1.jpg,3453_1.jpg,1.000000
3258_0.jpg,3403_1.jpg,1.000000
3259_1.jpg,3538_1.jpg,1.000000
3261_1.jpg,3577_1.jpg,1.000000
3262_1.jpg,3450_1.jpg,1.000000
3264_0.jpg,3464_0.jpg,1.000000
3265_1.jpg,3465_0.jpg,1.000000
3266_0.jpg,3497_1.jpg,1.000000
3269_0.jpg,3469_0.jpg,1.000000
3270_1.jpg,3409_1.jpg,1.000000
3273_1.jpg,3405_1.jpg,1.000000
3277_0.jpg,3431_1.jpg,1.000000
3284_1.jpg,3484_0.jpg,1.000000
3287_0.jpg,3412_1.jpg,1.000000
3287_1.jpg,3487_0.jpg,1.000000
3290_0.jpg,3480_1.jpg,1.000000
3290_1.jpg,3490_0.jpg,1.000000
3299_0.jpg,3485_1.jpg,1.000000
3299_1.jpg,3499_0.jpg,1.000000
3302_0.jpg,3528_1.jpg,1.000000
3304_1.jpg,3504_0.jpg,1.000000
3305_1.jpg,3505_0.jpg,1.000000
3306_0.jpg,3506_0.jpg,1.000000
3307_0.jpg,3408_1.jpg,1.000000
3310_0.jpg,3537_1.jpg,1.000000
3311_0.jpg,3594_1.jpg,1.000000
3312_0.jpg,3481_1.jpg,1.000000
3316_1.jpg,3516_0.jpg,1.000000
3323_0.jpg,3564_1.jpg,1.000000
3323_1.jpg,3474_1.jpg,1.000000
3326_0.jpg,3526_0.jpg,1.000000
3328_1.jpg,3528_0.jpg,1.000000
3329_1.jpg,3461_1.jpg,1.000000
3331_0.jpg,3531_0.jpg,1.000000
3340_0.jpg,3471_1.jpg,1.000000
3342_0.jpg,3542_0.jpg,1.000000
3344_0.jpg,3464_1.jpg,1.000000
3347_1.jpg,3457_1.jpg,1.000000
3349_1.jpg,3463_1.jpg,1.000000
3358_1.jpg,3558_0.jpg,1.000000
3365_0.jpg,3565_0.jpg,1.000000
3373_1.jpg,3573_0.jpg,1.000000
3374_0.jpg,3424_1.jpg,1.000000
3374_1.jpg,3484_1.jpg,1.000000
3377_0.jpg,3565_1.jpg,1.000000
3380_1.jpg,3580_0.jpg,1.000000
3381_1.jpg,3581_0.jpg,1.000000
3390_1.jpg,3590_0.jpg,1.000000
3394_0.jpg,3594_0.jpg,1.000000
3398_0.jpg,3598_0.jpg,1.000000
3413_1.jpg,3519_1.jpg,1.000000
3470_0.jpg,3556_1.jpg,1.000000
3487_1.jpg,3582_1.jpg,1.000000
3512_1.jpg,3561_1.jpg,1.000000
3523_0.jpg,3584_1.jpg,1.000000
3544_0.jpg,3566_1.jpg,1.000000
3551_1.jpg,3552_1.jpg,1.000000
3600_1.jpg,3854_1.jpg,1.000000
3602_1.jpg,3802_0.jpg,1.000000
3603_1.jpg,3803_0.jpg,1.000000
3604_0.jpg,3845_1.jpg,1.000000
3611_0.jpg,3811_0.jpg,1.000000
3615_0.jpg,3848_1.jpg,1.000000
3620_0.jpg,3820_0.jpg,1.000000
3621_0.jpg,3850_1.jpg,1.000000
3626_0.jpg,3978_1.jpg,1.000000
3627_1.jpg,3827_0.jpg,1.000000
3628_1.jpg,3828_0.jpg,1.000000
3630_0.jpg,3830_0.jpg,1.000000
3631_1.jpg,3999_1.jpg,1.000000
3633_0.jpg,3833_0.jpg,1.000000
3643_1.jpg,3826_1.jpg,1.000000
3644_1.jpg,3865_1.jpg,1.000000
3652_0.jpg,3852_0.jpg,1.000000
3664_0.jpg,3808_1.jpg,1.000000
3664_1.jpg,3816_1.jpg,1.000000
3667_0.jpg,3867_0.jpg,1.000000
3671_0.jpg,3971_1.jpg,1.000000
3671_1.jpg,3871_0.jpg,1.000000
3679_0.jpg,3879_0.jpg,1.000000
3685_1.jpg,3835_1.jpg,1.000000
3688_1.jpg,3940_1.jpg,1.000000
3691_0.jpg,3891_0.jpg,1.000000
3692_0.jpg,3892_0.jpg,1.000000
3694_0.jpg,3894_0.jpg,1.000000
3696_1.jpg,3814_1.jpg,1.000000
3700_1.jpg,3900_0.jpg,1.000000
3703_0.jpg,3903_0.jpg,1.000000
3704_0.jpg,3904_0.jpg,1.000000
3711_1.jpg,3901_1.jpg,1.000000
3715_1.jpg,3961_1.jpg,1.000000
3719_0.jpg,3919_0.jpg,1.000000
3721_0.jpg,3921_0.jpg,1.000000
3731_0.jpg,3801_1.jpg,1.000000
3734_0.jpg,3957_1.jpg,1.000000
3744_0.jpg,3944_0.jpg,1.000000
3748_0.jpg,3948_0.jpg,1.000000
3750_0.jpg,3950_0.jpg,1.000000
3753_1.jpg,3953_0.jpg,1.000000
3755_0.jpg,3955_0.jpg,1.000000
3758_0.jpg,3958_0.jpg,1.000000
3761_0.jpg,3985_1.jpg,1.000000
3769_1.jpg,3905_1.jpg,1.000000
3771_1.jpg,3971_0.jpg,1.000000
3775_1.jpg,3975_0.jpg,1.000000
3776_1.jpg,3970_1.jpg,1.000000
3777_1.jpg,3818_1.jpg,1.000000
3778_1.jpg,3978_0.jpg,1.000000
3779_1.jpg,3979_0.jpg,1.000000
3780_1.jpg,3980_0.jpg,1.000000
3793_0.jpg,3993_0.jpg,1.000000
3794_1.jpg,3827_1.jpg,1.000000
3799_1.jpg,3999_0.jpg,1.000000
3833_1.jpg,3977_0.jpg,1.000000
3002_1.jpg,3073_0.jpg,1.000000
3004_0.jpg,3114_1.jpg,1.000000
3009_1.jpg,3042_1.jpg,1.000000
3013_1.jpg,3016_1.jpg,1.000000
3019_0.jpg,3174_1.jpg,1.000000
3021_1.jpg,3041_0.jpg,1.000000
3028_1.jpg,3072_0.jpg,1.000000
3035_1.jpg,3090_0.jpg,1.000000
3041_1.jpg,3098_1.jpg,1.000000
3049_1.jpg,3163_0.jpg,1.000000
3068_1.jpg,3129_0.jpg,1.000000
3074_1.jpg,3101_0.jpg,1.000000
3082_1.jpg,3089_0.jpg,1.000000
3104_0.jpg,3195_1.jpg,1.000000
3104_1.jpg,3106_0.jpg,1.000000
3113_1.jpg,3126_1.jpg,1.000000
3164_1.jpg,3190_1.jpg,1.000000
3205_0.jpg,3437_1.jpg,1.000000
3209_1.jpg,3409_0.jpg,1.000000
3212_0.jpg,3468_1.jpg,1.000000
3212_1.jpg,3412_0.jpg,1.000000
3213_0.jpg,3413_0.jpg,1.000000
3215_0.jpg,3456_1.jpg,1.000000
3221_0.jpg,3539_1.jpg,1.000000
3223_0.jpg,3423_0.jpg,1.000000
3224_0.jpg,3424_0.jpg,1.000000
3228_1.jpg,3428_0.jpg,1.000000
3230_1.jpg,3430_0.jpg,1.000000
3233_1.jpg,3433_0.jpg,1.000000
3242_0.jpg,3442_0.jpg,1.000000
3247_1.jpg,3444_1.jpg,1.000000
3248_1.jpg,3478_1.jpg,1.000000
3252_1.jpg,3432_1.jpg,1.000000
3253_0.jpg,3454_1.jpg,1.000000
3256_0.jpg,3456_0.jpg,1.000000
3256_1.jpg,3402_1.jpg,1.000000
3258_1.jpg,3458_0.jpg,1.000000
3261_0.jpg,3461_0.jpg,1.000000
3263_0.jpg,3463_0.jpg,1.000000
3265_0.jpg,3451_1.jpg,1.000000
3271_0.jpg,3471_0.jpg,1.000000
3276_0.jpg,3476_0.jpg,1.000000
3277_1.jpg,3477_0.jpg,1.000000
3278_1.jpg,3401_1.jpg,1.000000
3281_0.jpg,3481_0.jpg,1.000000
3282_1.jpg,3482_0.jpg,1.000000
3286_1.jpg,3486_0.jpg,1.000000
3293_1.jpg,3493_0.jpg,1.000000
3296_1.jpg,3496_0.jpg,1.000000
3298_1.jpg,3498_0.jpg,1.000000
3302_1.jpg,3404_1.jpg,1.000000
3305_0.jpg,3588_1.jpg,1.000000
3312_1.jpg,3512_0.jpg,1.000000
3318_1.jpg,3525_1.jpg,1.000000
3320_0.jpg,3488_1.jpg,1.000000
3322_0.jpg,3439_1.jpg,1.000000
3335_1.jpg,3535_0.jpg,1.000000
3336_0.jpg,3541_1.jpg,1.000000
3337_0.jpg,3537_0.jpg,1.000000
3343_0.jpg,3543_0.jpg,1.000000
3343_1.jpg,3427_1.jpg,1.000000
3346_0.jpg,3546_0.jpg,1.000000
3348_0.jpg,3548_0.jpg,1.000000
3348_1.jpg,3470_1.jpg,1.000000
3357_1.jpg,3502_1.jpg,1.000000
3363_1.jpg,3563_0.jpg,1.000000
3364_1.jpg,3599_1.jpg,1.000000
3367_1.jpg,3567_0.jpg,1.000000
3368_1.jpg,3493_1.jpg,1.000000
3369_0.jpg,3569_0.jpg,1.000000
3384_1.jpg,3584_0.jpg,1.000000
3388_1.jpg,3567_1.jpg,1.000000
3391_1.jpg,3591_0.jpg,1.000000
3392_0.jpg,3592_0.jpg,1.000000
3396_0.jpg,3596_0.jpg,1.000000
3399_1.jpg,3448_1.jpg,1.000000
3478_0.jpg,3504_1.jpg,1.000000
3600_0.jpg,3800_0.jpg,1.000000
3602_0.jpg,3990_1.jpg,1.000000
3604_1.jpg,3804_0.jpg,1.000000
3605_0.jpg,3805_0.jpg,1.000000
3609_1.jpg,3809_0.jpg,1.000000
3620_1.jpg,3907_1.jpg,1.000000
3623_0.jpg,3823_0.jpg,1.000000
3626_1.jpg,3826_0.jpg,1.000000
3638_0.jpg,3838_0.jpg,1.000000
3638_1.jpg,3803_1.jpg,1.000000
3640_0.jpg,3840_0.jpg,1.000000
3644_0.jpg,3844_0.jpg,1.000000
3650_1.jpg,3850_0.jpg,1.000000
3660_1.jpg,3860_0.jpg,1.000000
3663_0.jpg,3863_0.jpg,1.000000
3668_1.jpg,3868_0.jpg,1.000000
3674_1.jpg,3874_0.jpg,1.000000
3676_1.jpg,3876_0.jpg,1.000000
3678_1.jpg,3942_1.jpg,1.000000
3681_0.jpg,3881_0.jpg,1.000000
3683_0.jpg,3866_1.jpg,1.000000
3683_1.jpg,3883_0.jpg,1.000000
3684_0.jpg,3984_1.jpg,1.000000
3686_0.jpg,3886_0.jpg,1.000000
3687_1.jpg,3887_0.jpg,1.000000
3688_0.jpg,3888_0.jpg,1.000000
3690_0.jpg,3890_0.jpg,1.000000
3693_1.jpg,3823_1.jpg,1.000000
3695_0.jpg,3895_0.jpg,1.000000
3697_0.jpg,3897_0.jpg,1.000000
3699_0.jpg,3851_1.jpg,1.000000
3702_0.jpg,3841_1.jpg,1.000000
3702_1.jpg,3949_1.jpg,1.000000
3707_1.jpg,3989_1.jpg,1.000000
3708_1.jpg,3908_0.jpg,1.000000
3712_1.jpg,3912_0.jpg,1.000000
3716_1.jpg,3804_1.jpg,1.000000
3720_1.jpg,3855_1.jpg,1.000000
3724_1.jpg,3924_0.jpg,1.000000
3727_0.jpg,3831_1.jpg,1.000000
3730_0.jpg,3946_1.jpg,1.000000
3730_1.jpg,3930_0.jpg,1.000000
3732_0.jpg,3836_1.jpg,1.000000
3734_1.jpg,3934_0.jpg,1.000000
3737_1.jpg,3861_1.jpg,1.000000
3740_0.jpg,3940_0.jpg,1.000000
3742_0.jpg,3942_0.jpg,1.000000
3743_1.jpg,3943_0.jpg,1.000000
3745_0.jpg,3945_0.jpg,1.000000
3746_1.jpg,3868_1.jpg,1.000000
3747_1.jpg,3873_1.jpg,1.000000
3749_0.jpg,3928_1.jpg,1.000000
3752_1.jpg,3819_1.jpg,1.000000
3754_0.jpg,3828_1.jpg,1.000000
3756_0.jpg,3956_0.jpg,1.000000
3759_0.jpg,3959_0.jpg,1.000000
3766_1.jpg,3966_0.jpg,1.000000
3772_1.jpg,3972_0.jpg,1.000000
3773_1.jpg,3933_1.jpg,1.000000
3774_1.jpg,3974_0.jpg,1.000000
3781_1.jpg,3812_1.jpg,1.000000
3783_1.jpg,3983_0.jpg,1.000000
3785_0.jpg,3985_0.jpg,1.000000
3786_0.jpg,3986_0.jpg,1.000000
3788_1.jpg,3988_0.jpg,1.000000
3792_0.jpg,3992_0.jpg,1.000000
3797_1.jpg,3857_1.jpg,1.000000
3821_1.jpg,3893_1.jpg,1.000000
3847_1.jpg,3902_0.jpg,1.000000
3856_1.jpg,3954_0.jpg,1.000000
3863_1.jpg,3897_1.jpg,1.000000
3908_1.jpg,3926_1.jpg,1.000000
3915_1.jpg,3965_1.jpg,1.000000
3003_1.jpg,3034_1.jpg,1.000000
3005_0.jpg,3115_1.jpg,1.000000
3013_0.jpg,3022_1.jpg,1.000000
3044_1.jpg,3071_1.jpg,1.000000
3069_1.jpg,3137_0.jpg,1.000000
3076_1.jpg,3132_1.jpg,1.000000
3093_0.jpg,3122_1.jpg,1.000000
3106_1.jpg,3160_0.jpg,1.000000
3120_0.jpg,3160_1.jpg,1.000000
3126_0.jpg,3149_1.jpg,1.000000
3127_0.jpg,3157_1.jpg,1.000000
3133_1.jpg,3135_1.jpg,1.000000
3203_1.jpg,3403_0.jpg,1.000000
3208_0.jpg,3408_0.jpg,1.000000
3211_0.jpg,3411_0.jpg,1.000000
3216_1.jpg,3407_1.jpg,1.000000
3225_0.jpg,3425_0.jpg,1.000000
3226_1.jpg,3483_1.jpg,1.000000
3229_1.jpg,3419_1.jpg,1.000000
3231_1.jpg,3505_1.jpg,1.000000
3232_0.jpg,3432_0.jpg,1.000000
3238_0.jpg,3438_0.jpg,1.000000
3241_1.jpg,3441_0.jpg,1.000000
3260_1.jpg,3467_1.jpg,1.000000
3268_0.jpg,3575_1.jpg,1.000000
3274_1.jpg,3474_0.jpg,1.000000
3289_1.jpg,3489_0.jpg,1.000000
3291_0.jpg,3447_1.jpg,1.000000
3297_0.jpg,3497_0.jpg,1.000000
3307_1.jpg,3507_0.jpg,1.000000
3308_0.jpg,3498_1.jpg,1.000000
3309_0.jpg,3473_1.jpg,1.000000
3324_1.jpg,3492_1.jpg,1.000000
3325_0.jpg,3420_1.jpg,1.000000
3333_1.jpg,3472_1.jpg,1.000000
3335_0.jpg,3593_1.jpg,1.000000
3338_0.jpg,3538_0.jpg,1.000000
3353_0.jpg,3400_1.jpg,1.000000
3355_0.jpg,3555_0.jpg,1.000000
3364_0.jpg,3564_0.jpg,1.000000
3366_1.jpg,3426_1.jpg,1.000000
3368_0.jpg,3568_0.jpg,1.000000
3378_1.jpg,3499_1.jpg,1.000000
3379_0.jpg,3579_0.jpg,1.000000
3382_1.jpg,3445_1.jpg,1.000000
3386_0.jpg,3469_1.jpg,1.000000
3386_1.jpg,3529_1.jpg,1.000000
3395_0.jpg,3595_0.jpg,1.000000
3490_1.jpg,3566_0.jpg,1.000000
3507_1.jpg,3520_1.jpg,1.000000
3533_0.jpg,3542_1.jpg,1.000000
3550_1.jpg,3578_0.jpg,1.000000
3586_0.jpg,3598_1.jpg,1.000000
3607_0.jpg,3807_0.jpg,1.000000
3611_1.jpg,3945_1.jpg,1.000000
3612_1.jpg,3812_0.jpg,1.000000
3618_0.jpg,3818_0.jpg,1.000000
3619_0.jpg,3819_0.jpg,1.000000
3624_0.jpg,3824_0.jpg,1.000000
3625_1.jpg,3825_0.jpg,1.000000
3629_0.jpg,3829_0.jpg,1.000000
3632_1.jpg,3832_0.jpg,1.000000
3634_0.jpg,3834_0.jpg,1.000000
3637_0.jpg,3837_0.jpg,1.000000
3647_1.jpg,3847_0.jpg,1.000000
3653_0.jpg,3853_0.jpg,1.000000
3655_0.jpg,3839_1.jpg,1.000000
3657_1.jpg,3857_0.jpg,1.000000
3674_0.jpg,3882_1.jpg,1.000000
3677_0.jpg,3877_0.jpg,1.000000
3680_0.jpg,3880_0.jpg,1.000000
3684_1.jpg,3884_0.jpg,1.000000
3696_0.jpg,3880_1.jpg,1.000000
3713_0.jpg,3825_1.jpg,1.000000
3713_1.jpg,3913_0.jpg,1.000000
3716_0.jpg,3837_1.jpg,1.000000
3717_0.jpg,3888_1.jpg,1.000000
3717_1.jpg,3943_1.jpg,1.000000
3729_1.jpg,3859_1.jpg,1.000000
3735_1.jpg,3935_0.jpg,1.000000
3737_0.jpg,3937_0.jpg,1.000000
3739_1.jpg,3939_0.jpg,1.000000
3741_1.jpg,3885_1.jpg,1.000000
3748_1.jpg,3950_1.jpg,1.000000
3751_1.jpg,3951_0.jpg,1.000000
3757_1.jpg,3892_1.jpg,1.000000
3760_0.jpg,3960_0.jpg,1.000000
3787_0.jpg,3902_1.jpg,1.000000
3789_1.jpg,3877_1.jpg,1.000000
3794_0.jpg,3809_1.jpg,1.000000
3834_1.jpg,3966_1.jpg,1.000000
3870_1.jpg,3963_1.jpg,1.000000
3871_1.jpg,3904_1.jpg,1.000000
3884_1.jpg,3987_1.jpg,1.000000
3929_0.jpg,3944_1.jpg,1.000000
3006_1.jpg,3047_1.jpg,1.000000
3009_0.jpg,3156_1.jpg,1.000000
3010_1.jpg,3190_0.jpg,1.000000
3011_1.jpg,3132_0.jpg,1.000000
3014_1.jpg,3043_1.jpg,1.000000
3017_0.jpg,3130_1.jpg,1.000000
3017_1.jpg,3118_0.jpg,1.000000
3018_1.jpg,3172_1.jpg,1.000000
3024_1.jpg,3129_1.jpg,1.000000
3030_0.jpg,3075_1.jpg,1.000000
3039_1.jpg,3068_0.jpg,1.000000
3060_1.jpg,3100_1.jpg,1.000000
3084_1.jpg,3161_1.jpg,1.000000
3211_1.jpg,3517_1.jpg,1.000000
3218_1.jpg,3418_0.jpg,1.000000
3219_0.jpg,3526_1.jpg,1.000000
3223_1.jpg,3462_1.jpg,1.000000
3225_1.jpg,3563_1.jpg,1.000000
3237_0.jpg,3572_1.jpg,1.000000
3240_0.jpg,3449_1.jpg,1.000000
3244_0.jpg,3444_0.jpg,1.000000
3253_1.jpg,3453_0.jpg,1.000000
3257_0.jpg,3457_0.jpg,1.000000
3266_1.jpg,3433_1.jpg,1.000000
3267_1.jpg,3592_1.jpg,1.000000
3272_0.jpg,3536_1.jpg,1.000000
3291_1.jpg,3491_0.jpg,1.000000
3292_0.jpg,3492_0.jpg,1.000000
3300_0.jpg,3496_1.jpg,1.000000
3301_1.jpg,3501_0.jpg,1.000000
3314_1.jpg,3514_0.jpg,1.000000
3319_1.jpg,3519_0.jpg,1.000000
3324_0.jpg,3524_0.jpg,1.000000
3339_0.jpg,3527_1.jpg,1.000000
3350_1.jpg,3543_1.jpg,1.000000
3352_0.jpg,3501_1.jpg,1.000000
3359_0.jpg,3559_0.jpg,1.000000
3360_1.jpg,3560_0.jpg,1.000000
3361_0.jpg,3416_1.jpg,1.000000
3362_0.jpg,3562_0.jpg,1.000000
3371_0.jpg,3571_0.jpg,1.000000
3375_0.jpg,3575_0.jpg,1.000000
3376_0.jpg,3576_0.jpg,1.000000
3382_0.jpg,3582_0.jpg,1.000000
3383_1.jpg,3523_1.jpg,1.000000
3387_1.jpg,3587_0.jpg,1.000000
3393_0.jpg,3593_0.jpg,1.000000
3466_0.jpg,3535_1.jpg,1.000000
3500_0.jpg,3503_1.jpg,1.000000
3521_1.jpg,3540_1.jpg,1.000000
3608_1.jpg,3808_0.jpg,1.000000
3615_1.jpg,3815_0.jpg,1.000000
3617_1.jpg,3817_0.jpg,1.000000
3621_1.jpg,3821_0.jpg,1.000000
3635_0.jpg,3835_0.jpg,1.000000
3641_0.jpg,3841_0.jpg,1.000000
3646_0.jpg,3898_1.jpg,1.000000
3673_0.jpg,3873_0.jpg,1.000000
3708_0.jpg,3829_1.jpg,1.000000
3709_1.jpg,3909_0.jpg,1.000000
3720_0.jpg,3858_1.jpg,1.000000
3722_1.jpg,3896_1.jpg,1.000000
3731_1.jpg,3931_0.jpg,1.000000
3732_1.jpg,3925_1.jpg,1.000000
3733_1.jpg,3933_0.jpg,1.000000
3738_0.jpg,3887_1.jpg,1.000000
3749_1.jpg,3949_0.jpg,1.000000
3762_0.jpg,3936_1.jpg,1.000000
3763_0.jpg,3963_0.jpg,1.000000
3764_1.jpg,3964_0.jpg,1.000000
3765_0.jpg,3805_1.jpg,1.000000
3767_1.jpg,3967_0.jpg,1.000000
3768_0.jpg,3824_1.jpg,1.000000
3771_0.jpg,3852_1.jpg,1.000000
3773_0.jpg,3973_0.jpg,1.000000
3776_0.jpg,3976_0.jpg,1.000000
3782_1.jpg,3916_1.jpg,1.000000
3784_1.jpg,3984_0.jpg,1.000000
3787_1.jpg,3920_1.jpg,1.000000
3791_0.jpg,3991_0.jpg,1.000000
3792_1.jpg,3872_1.jpg,1.000000
3798_1.jpg,3998_0.jpg,1.000000
3909_1.jpg,3968_0.jpg,1.000000
3028_0.jpg,3142_1.jpg,1.000000
3031_0.jpg,3037_1.jpg,1.000000
3031_1.jpg,3066_0.jpg,1.000000
3048_0.jpg,3193_1.jpg,1.000000
3048_1.jpg,3083_0.jpg,1.000000
3052_1.jpg,3166_0.jpg,1.000000
3064_1.jpg,3090_1.jpg,1.000000
3078_0.jpg,3187_1.jpg,1.000000
3085_1.jpg,3098_0.jpg,1.000000
3091_1.jpg,3196_0.jpg,1.000000
3109_1.jpg,3194_0.jpg,1.000000
3145_0.jpg,3185_1.jpg,1.000000
3147_1.jpg,3184_1.jpg,1.000000
3217_0.jpg,3417_0.jpg,1.000000
3218_0.jpg,3442_1.jpg,1.000000
3235_0.jpg,3435_0.jpg,1.000000
3245_1.jpg,3445_0.jpg,1.000000
3249_1.jpg,3449_0.jpg,1.000000
3259_0.jpg,3459_0.jpg,1.000000
3283_0.jpg,3483_0.jpg,1.000000
3288_1.jpg,3459_1.jpg,1.000000
3295_0.jpg,3495_0.jpg,1.000000
3308_1.jpg,3508_0.jpg,1.000000
3311_1.jpg,3511_0.jpg,1.000000
3325_1.jpg,3525_0.jpg,1.000000
3336_1.jpg,3536_0.jpg,1.000000
3345_0.jpg,3423_1.jpg,1.000000
3351_1.jpg,3551_0.jpg,1.000000
3354_0.jpg,3554_0.jpg,1.000000
3356_0.jpg,3460_1.jpg,1.000000
3357_0.jpg,3557_0.jpg,1.000000
3372_0.jpg,3572_0.jpg,1.000000
3373_0.jpg,3477_1.jpg,1.000000
3377_1.jpg,3546_1.jpg,1.000000
3380_0.jpg,3434_1.jpg,1.000000
3385_0.jpg,3429_1.jpg,1.000000
3389_1.jpg,3515_1.jpg,1.000000
3578_1.jpg,3585_0.jpg,1.000000
3601_1.jpg,3801_0.jpg,1.000000
3612_0.jpg,3941_1.jpg,1.000000
3613_1.jpg,3813_0.jpg,1.000000
3616_1.jpg,3816_0.jpg,1.000000
3631_0.jpg,3831_0.jpg,1.000000
3646_1.jpg,3846_0.jpg,1.000000
3648_1.jpg,3935_1.jpg,1.000000
3659_1.jpg,3859_0.jpg,1.000000
3679_1.jpg,3822_1.jpg,1.000000
3680_1.jpg,3934_1.jpg,1.000000
3705_1.jpg,3905_0.jpg,1.000000
3706_0.jpg,3815_1.jpg,1.000000
3714_1.jpg,3830_1.jpg,1.000000
3718_0.jpg,3918_0.jpg,1.000000
3723_1.jpg,3889_1.jpg,1.000000
3727_1.jpg,3923_1.jpg,1.000000
3728_0.jpg,3928_0.jpg,1.000000
3733_0.jpg,3802_1.jpg,1.000000
3736_1.jpg,3936_0.jpg,1.000000
3761_1.jpg,3810_1.jpg,1.000000
3770_1.jpg,3914_1.jpg,1.000000
3772_0.jpg,3912_1.jpg,1.000000
3795_1.jpg,3995_0.jpg,1.000000
3862_1.jpg,3906_0.jpg,1.000000
3864_1.jpg,3879_1.jpg,1.000000
3001_1.jpg,3102_0.jpg,1.000000
3018_0.jpg,3062_1.jpg,1.000000
3022_0.jpg,3023_1.jpg,1.000000
3024_0.jpg,3033_1.jpg,1.000000
3046_0.jpg,3144_1.jpg,1.000000
3054_1.jpg,3077_1.jpg,1.000000
3057_0.jpg,3169_1.jpg,1.000000
3061_1.jpg,3080_1.jpg,1.000000
3080_0.jpg,3180_1.jpg,1.000000
3204_1.jpg,3404_0.jpg,1.000000
3226_0.jpg,3426_0.jpg,1.000000
3241_0.jpg,3590_1.jpg,1.000000
3248_0.jpg,3448_0.jpg,1.000000
3267_0.jpg,3467_0.jpg,1.000000
3280_0.jpg,3480_0.jpg,1.000000
3310_1.jpg,3418_1.jpg,1.000000
3313_0.jpg,3513_0.jpg,1.000000
3329_0.jpg,3516_1.jpg,1.000000
3334_1.jpg,3522_1.jpg,1.000000
3345_1.jpg,3545_0.jpg,1.000000
3349_0.jpg,3549_0.jpg,1.000000
3351_0.jpg,3458_1.jpg,1.000000
3366_0.jpg,3557_1.jpg,1.000000
3367_0.jpg,3533_1.jpg,1.000000
3371_1.jpg,3452_1.jpg,1.000000
3384_0.jpg,3440_1.jpg,1.000000
3397_0.jpg,3585_1.jpg,1.000000
3606_1.jpg,3806_0.jpg,1.000000
3642_0.jpg,3842_0.jpg,1.000000
3645_1.jpg,3845_0.jpg,1.000000
3657_0.jpg,3838_1.jpg,1.000000
3669_1.jpg,3869_0.jpg,1.000000
3675_0.jpg,3875_0.jpg,1.000000
3678_0.jpg,3874_1.jpg,1.000000
3689_0.jpg,3889_0.jpg,1.000000
3699_1.jpg,3860_1.jpg,1.000000
3705_0.jpg,3938_1.jpg,1.000000
3741_0.jpg,3930_1.jpg,1.000000
3775_0.jpg,3878_1.jpg,1.000000
3781_0.jpg,3977_1.jpg,1.000000
3789_0.jpg,3989_0.jpg,1.000000
3955_1.jpg,3993_1.jpg,1.000000
3038_1.jpg,3176_1.jpg,1.000000
3087_1.jpg,3154_0.jpg,1.000000
3206_0.jpg,3406_0.jpg,1.000000
3224_1.jpg,3476_1.jpg,1.000000
3251_1.jpg,3415_1.jpg,1.000000
3255_0.jpg,3455_0.jpg,1.000000
3272_1.jpg,3406_1.jpg,1.000000
3303_1.jpg,3446_1.jpg,1.000000
3341_0.jpg,3541_0.jpg,1.000000
3637_1.jpg,3811_1.jpg,1.000000
3662_0.jpg,3862_0.jpg,1.000000
3698_0.jpg,3807_1.jpg,1.000000
3743_0.jpg,3962_1.jpg,1.000000
3205_1.jpg,3405_0.jpg,1.000000
3245_0.jpg,3486_1.jpg,1.000000
3260_0.jpg,3460_0.jpg,1.000000
3554_1.jpg,3581_1.jpg,1.000000
3685_0.jpg,3817_1.jpg,1.000000
3715_0.jpg,3915_0.jpg,1.000000
3614_0.jpg,3814_0.jpg,1.000000
3629_1.jpg,3995_1.jpg,1.000000
3790_0.jpg,3894_1.jpg,1.000000
3948_1.jpg,3990_0.jpg,1.000000
3040_1.jpg,3328_0.jpg,0.999433
3394_1.jpg,3910_0.jpg,0.999223
3151_0.jpg,3178_0.jpg,0.999189
3548_1.jpg,3746_0.jpg,0.999132
3274_0.jpg,3982_1.jpg,0.999130
3552_0.jpg,3991_1.jpg,0.999078
3077_0.jpg,3786_1.jpg,0.999015
3136_1.jpg,3451_0.jpg,0.999005
3279_0.jpg,3913_1.jpg,0.998983
3056_0.jpg,3547_1.jpg,0.998973
3171_0.jpg,3670_0.jpg,0.998963
3172_0.jpg,3254_1.jpg,0.998880
3276_1.jpg,3723_0.jpg,0.998866
3389_0.jpg,3573_1.jpg,0.998759
3071_0.jpg,3193_0.jpg,0.998718
3500_1.jpg,3675_1.jpg,0.998714
3006_0.jpg,3146_1.jpg,0.998703
3123_0.jpg,3932_0.jpg,0.998693
3086_0.jpg,3179_1.jpg,0.998687
3052_0.jpg,3063_0.jpg,0.998671
3095_0.jpg,3163_1.jpg,0.998614
3316_0.jpg,3751_0.jpg,0.998592
3411_1.jpg,3549_1.jpg,0.998579
3050_0.jpg,3865_0.jpg,0.998501
3154_1.jpg,3691_1.jpg,0.998492
3395_1.jpg,3668_0.jpg,0.998456
3001_0.jpg,3167_1.jpg,0.998454
3645_0.jpg,3762_1.jpg,0.998449
3242_1.jpg,3972_1.jpg,0.998440
3392_1.jpg,3881_1.jpg,0.998438
3472_0.jpg,3676_0.jpg,0.998437
3703_1.jpg,3767_0.jpg,0.998413
3121_1.jpg,3793_1.jpg,0.998397
3111_1.jpg,3495_1.jpg,0.998392
3025_1.jpg,3652_1.jpg,0.998307
3204_0.jpg,3968_1.jpg,0.998293
3331_1.jpg,3969_0.jpg,0.998290
3076_0.jpg,3774_0.jpg,0.998267
3065_1.jpg,3084_0.jpg,0.998262
3704_1.jpg,3924_1.jpg,0.998248
3155_1.jpg,3257_1.jpg,0.998227
3284_0.jpg,3938_0.jpg,0.998226
3488_0.jpg,3724_0.jpg,0.998224
3007_1.jpg,3125_0.jpg,0.998220
3149_0.jpg,3473_0.jpg,0.998184
3381_0.jpg,3721_1.jpg,0.998183
3171_1.jpg,3987_0.jpg,0.998175
3002_0.jpg,3964_1.jpg,0.998167
3139_0.jpg,3960_1.jpg,0.998144
3475_1.jpg,3799_0.jpg,0.998141
3385_1.jpg,3975_1.jpg,0.998136
3092_0.jpg,3339_1.jpg,0.998122
3601_0.jpg,3883_1.jpg,0.998119
3115_0.jpg,3185_0.jpg,0.998111
3690_1.jpg,3760_1.jpg,0.998110
3117_0.jpg,3131_0.jpg,0.998032
3127_1.jpg,3569_1.jpg,0.998024
3362_1.jpg,3896_0.jpg,0.998019
3033_0.jpg,3667_1.jpg,0.997935
3060_0.jpg,3091_0.jpg,0.997927
3004_1.jpg,3167_0.jpg,0.997921
3029_0.jpg,3309_1.jpg,0.997913
3293_0.jpg,3981_0.jpg,0.997883
3244_1.jpg,3922_0.jpg,0.997855
3142_0.jpg,3269_1.jpg,0.997854
3037_0.jpg,3656_0.jpg,0.997851
3238_1.jpg,3709_0.jpg,0.997846
3083_1.jpg,3103_1.jpg,0.997816
3086_1.jpg,3097_0.jpg,0.997800
3153_1.jpg,3228_0.jpg,0.997766
3122_0.jpg,3843_0.jpg,0.997741
3058_0.jpg,3677_1.jpg,0.997715
3070_0.jpg,3201_0.jpg,0.997644
3155_0.jpg,3545_1.jpg,0.997637
3136_0.jpg,3227_0.jpg,0.997606
3200_1.jpg,3941_0.jpg,0.997584
3179_0.jpg,3605_1.jpg,0.997523
3579_1.jpg,3998_1.jpg,0.997519
3065_0.jpg,3922_1.jpg,0.997517
3023_0.jpg,3222_0.jpg,0.997512
3079_0.jpg,3666_1.jpg,0.997511
3140_0.jpg,3997_0.jpg,0.997507
3719_1.jpg,3959_1.jpg,0.997459
3111_0.jpg,3182_1.jpg,0.997446
3029_1.jpg,3996_1.jpg,0.997435
3337_1.jpg,3398_1.jpg,0.997389
3156_0.jpg,3957_0.jpg,0.997387
3183_0.jpg,3514_1.jpg,0.997310
3189_0.jpg,3641_1.jpg,0.997300
3669_0.jpg,3766_0.jpg,0.997289
3050_1.jpg,3653_1.jpg,0.997221
3058_1.jpg,3958_1.jpg,0.997166
3503_0.jpg,3759_1.jpg,0.997153
3105_1.jpg,3899_1.jpg,0.997133
3518_0.jpg,3663_1.jpg,0.997130
3101_1.jpg,3174_0.jpg,0.997103
3246_0.jpg,3712_0.jpg,0.997068
3326_1.jpg,3867_1.jpg,0.997046
3210_1.jpg,3756_1.jpg,0.997027
3387_0.jpg,3951_1.jpg,0.996988
3162_0.jpg,3314_0.jpg,0.996960
3633_1.jpg,3662_1.jpg,0.996953
3102_1.jpg,3568_1.jpg,0.996940
3000_1.jpg,3397_1.jpg,0.996923
3539_0.jpg,3597_1.jpg,0.996904
3610_0.jpg,3788_0.jpg,0.996903
3039_0.jpg,3306_1.jpg,0.996887
3118_1.jpg,3614_1.jpg,0.996880
3616_0.jpg,3953_1.jpg,0.996838
3189_1.jpg,3640_1.jpg,0.996826
3588_0.jpg,3682_1.jpg,0.996814
3082_0.jpg,3982_0.jpg,0.996801
3081_0.jpg,3119_0.jpg,0.996801
3027_1.jpg,3768_1.jpg,0.996791
3040_0.jpg,3571_1.jpg,0.996781
3744_1.jpg,3919_1.jpg,0.996780
3195_0.jpg,3509_0.jpg,0.996774
3375_1.jpg,3466_1.jpg,0.996744
3012_0.jpg,3088_0.jpg,0.996710
3026_0.jpg,3099_1.jpg,0.996693
3159_0.jpg,3608_0.jpg,0.996666
3139_1.jpg,3264_1.jpg,0.996648
3144_0.jpg,3270_0.jpg,0.996602
3105_0.jpg,3659_0.jpg,0.996579
3085_0.jpg,3929_1.jpg,0.996572
3128_1.jpg,3186_1.jpg,0.996533
3047_0.jpg,3157_0.jpg,0.996490
3061_0.jpg,3338_1.jpg,0.996419
3885_0.jpg,3911_1.jpg,0.996366
3560_1.jpg,3777_0.jpg,0.996345
3181_0.jpg,3636_0.jpg,0.996308
3150_0.jpg,3916_0.jpg,0.996302
3390_0.jpg,3961_0.jpg,0.996297
3352_1.jpg,3383_0.jpg,0.996282
3199_0.jpg,3651_1.jpg,0.996273
3687_0.jpg,3711_0.jpg,0.996257
3143_1.jpg,3695_1.jpg,0.996222
3016_0.jpg,3113_0.jpg,0.996190
3285_1.jpg,3354_1.jpg,0.996190
3606_0.jpg,3927_0.jpg,0.996163
3148_1.jpg,3494_1.jpg,0.996136
3278_0.jpg,3784_0.jpg,0.996119
3899_0.jpg,3927_1.jpg,0.996117
3558_1.jpg,3625_0.jpg,0.996116
3509_1.jpg,3700_0.jpg,0.996090
3150_1.jpg,3177_1.jpg,0.996056
3005_1.jpg,3173_1.jpg,0.996037
3008_1.jpg,3603_0.jpg,0.996004
3764_0.jpg,3876_1.jpg,0.995971
3176_0.jpg,3613_0.jpg,0.995954
3235_1.jpg,3758_1.jpg,0.995887
3148_0.jpg,3319_0.jpg,0.995881
3011_0.jpg,3250_0.jpg,0.995878
3100_0.jpg,3599_0.jpg,0.995867
3273_0.jpg,3522_0.jpg,0.995854
3092_1.jpg,3740_1.jpg,0.995784
3510_0.jpg,3783_0.jpg,0.995769
3075_0.jpg,3769_0.jpg,0.995745
3534_1.jpg,3947_1.jpg,0.995734
3289_0.jpg,3921_1.jpg,0.995688
3056_1.jpg,3184_0.jpg,0.995664
3059_1.jpg,3138_0.jpg,0.995661
3182_0.jpg,3529_0.jpg,0.995641
3003_0.jpg,3508_1.jpg,0.995620
3165_0.jpg,3869_1.jpg,0.995597
3161_0.jpg,3544_1.jpg,0.995583
3281_1.jpg,3369_1.jpg,0.995556
3183_1.jpg,3359_1.jpg,0.995529
3292_1.jpg,3597_0.jpg,0.995489
3042_0.jpg,3303_0.jpg,0.995479
3038_0.jpg,3062_0.jpg,0.995459
3000_0.jpg,3952_0.jpg,0.995459
3175_1.jpg,3393_1.jpg,0.995451
3034_0.jpg,3752_0.jpg,0.995439
3025_0.jpg,3053_1.jpg,0.995422
3718_1.jpg,3742_1.jpg,0.995396
3051_0.jpg,3878_0.jpg,0.995331
3162_1.jpg,3890_1.jpg,0.995328
3197_0.jpg,3207_0.jpg,0.995313
3055_1.jpg,3917_1.jpg,0.995309
3553_1.jpg,3967_1.jpg,0.995289
3282_0.jpg,3970_0.jpg,0.995282
3577_0.jpg,3701_0.jpg,0.995266
3673_1.jpg,3722_0.jpg,0.995260
3110_1.jpg,3706_1.jpg,0.995249
3570_1.jpg,3796_1.jpg,0.995236
3072_1.jpg,3750_1.jpg,0.995195
3639_1.jpg,3745_1.jpg,0.995063
3074_0.jpg,3609_0.jpg,0.995049
3591_1.jpg,3619_1.jpg,0.995016
3151_1.jpg,3900_1.jpg,0.994929
3036_1.jpg,3992_1.jpg,0.994927
3428_1.jpg,3694_1.jpg,0.994905
3589_0.jpg,3738_1.jpg,0.994847
3300_1.jpg,3988_1.jpg,0.994823
3297_1.jpg,3618_1.jpg,0.994803
3186_0.jpg,3344_1.jpg,0.994798
3689_1.jpg,3770_0.jpg,0.994697
3067_1.jpg,3681_1.jpg,0.994622
3583_1.jpg,3965_0.jpg,0.994598
3168_0.jpg,3622_1.jpg,0.994593
3317_1.jpg,3763_1.jpg,0.994543
3108_1.jpg,3296_0.jpg,0.994498
3045_1.jpg,3378_0.jpg,0.994483
3008_0.jpg,3372_1.jpg,0.994473
3199_1.jpg,3388_0.jpg,0.994440
3617_0.jpg,3891_1.jpg,0.994413
3379_1.jpg,3839_0.jpg,0.994349
3014_0.jpg,3502_0.jpg,0.994337
3134_0.jpg,3654_1.jpg,0.994260
3166_1.jpg,3330_0.jpg,0.994215
3064_0.jpg,3980_1.jpg,0.994206
3355_1.jpg,3489_1.jpg,0.994200
3194_1.jpg,3974_1.jpg,0.994162
3094_0.jpg,3275_0.jpg,0.994149
3520_0.jpg,3607_1.jpg,0.994069
3313_1.jpg,3327_0.jpg,0.994010
3036_0.jpg,3561_0.jpg,0.993912
3583_0.jpg,3623_1.jpg,0.993887
3175_0.jpg,3710_0.jpg,0.993797
3202_1.jpg,3994_1.jpg,0.993752
3340_1.jpg,3559_1.jpg,0.993742
3532_1.jpg,3628_0.jpg,0.993731
3180_0.jpg,3358_0.jpg,0.993653
3152_0.jpg,3230_0.jpg,0.993649
3414_1.jpg,3540_0.jpg,0.993623
3315_1.jpg,3735_0.jpg,0.993621
3341_1.jpg,3923_0.jpg,0.993604
3550_0.jpg,3739_0.jpg,0.993574
3093_1.jpg,3986_1.jpg,0.993546
3911_0.jpg,3920_0.jpg,0.993541
3370_0.jpg,3580_1.jpg,0.993524
3353_1.jpg,3962_0.jpg,0.993455
3032_1.jpg,3969_1.jpg,0.993450
3595_1.jpg,3660_0.jpg,0.993415
3043_0.jpg,3165_1.jpg,0.993305
3365_1.jpg,3903_1.jpg,0.993271
3109_0.jpg,3429_0.jpg,0.993264
3321_0.jpg,3914_0.jpg,0.993227
3096_1.jpg,3301_0.jpg,0.993131
3012_1.jpg,3295_1.jpg,0.993114
3213_1.jpg,3534_0.jpg,0.993081
3153_0.jpg,3754_1.jpg,0.992875
3271_1.jpg,3643_0.jpg,0.992842
3015_1.jpg,3361_1.jpg,0.992809
3280_1.jpg,3864_0.jpg,0.992583
3288_0.jpg,3347_0.jpg,0.992578
3099_0.jpg,3527_0.jpg,0.992519
3044_0.jpg,3954_1.jpg,0.992465
3251_0.jpg,3755_1.jpg,0.992458
3632_0.jpg,3917_0.jpg,0.992457
3547_0.jpg,3798_0.jpg,0.992242
3159_1.jpg,3634_1.jpg,0.992089
3173_0.jpg,3334_0.jpg,0.991759
3574_0.jpg,3726_1.jpg,0.991713
3124_1.jpg,3556_0.jpg,0.991701
3686_1.jpg,3937_1.jpg,0.991582
3152_1.jpg,3589_1.jpg,0.991577
3116_0.jpg,3146_0.jpg,0.991575
3233_0.jpg,3981_1.jpg,0.991544
3181_1.jpg,3555_1.jpg,0.991501
3322_1.jpg,3976_1.jpg,0.991481
3096_0.jpg,3135_0.jpg,0.991394
3121_0.jpg,3650_0.jpg,0.991200
3757_0.jpg,3898_0.jpg,0.991068
3158_1.jpg,3376_1.jpg,0.990895
3203_0.jpg,3672_0.jpg,0.990753
3188_0.jpg,3997_1.jpg,0.990745
3169_0.jpg,3692_1.jpg,0.990723
3170_0.jpg,3729_0.jpg,0.990634
3192_1.jpg,3895_1.jpg,0.990487
3332_1.jpg,3630_1.jpg,0.990315
3141_1.jpg,3910_1.jpg,0.990062
3346_1.jpg,3396_1.jpg,0.990046
3356_1.jpg,3736_0.jpg,0.989537
3187_0.jpg,3627_0.jpg,0.989447
3059_0.jpg,3649_0.jpg,0.989294
3586_1.jpg,3587_1.jpg,0.989246
3363_0.jpg,3906_1.jpg,0.988696
3030_1.jpg,3143_0.jpg,0.988463
3067_0.jpg,3791_1.jpg,0.988249
3168_1.jpg,3283_1.jpg,0.987395
3177_0.jpg,3642_1.jpg,0.987194
3112_0.jpg,3482_1.jpg,0.986801
3214_1.jpg,3790_1.jpg,0.986584
3049_0.jpg,3134_1.jpg,0.986537
3019_1.jpg,3020_0.jpg,0.986514
3524_1.jpg,3725_0.jpg,0.985685
3133_0.jpg,3191_0.jpg,0.985059
3491_1.jpg,3983_1.jpg,0.983887
3191_1.jpg,3304_0.jpg,0.983042
3170_1.jpg,3728_1.jpg,0.981055
3333_0.jpg,3893_0.jpg,0.977142
3553_0.jpg,3994_0.jpg,0.977068
3342_1.jpg,3946_0.jpg,0.973791
3147_0.jpg,3286_0.jpg,0.970612
3045_0.jpg,3141_0.jpg,0.969599
3263_1.jpg,3714_0.jpg,0.955693
3107_0.jpg,3697_1.jpg,0.933406
